s,C,C,1/m,1/m
Time,TC_Ceiling_F1,TC_F1_1_8,EXT_F1_1_8,EXT_DEVC_F1_2_3
 0.0000000E+000, 1.2100000E+001, 1.2100000E+001, 0.0000000E+000, 0.0000000E+000
 1.0003843E+000, 1.2100082E+001, 1.2100105E+001, 0.0000000E+000, 0.0000000E+000
 2.0059884E+000, 1.2101104E+001, 1.2102288E+001, 9.9553410E-187, 7.9439834E-184
 3.0110717E+000, 1.2278355E+001, 1.2110908E+001, 3.7991890E-133, 6.9178739E-108
 4.0050477E+000, 1.7724044E+001, 1.2121042E+001, 8.8125626E-114, 3.6264982E-065
 5.0004409E+000, 2.1345856E+001, 1.2131699E+001, 1.2259695E-075, 2.6942171E-034
 6.0036410E+000, 2.4501066E+001, 1.2143418E+001, 4.5514904E-050, 2.2458499E-018
 7.0106667E+000, 2.6684690E+001, 1.2158528E+001, 1.6158724E-031, 2.2042813E-007
 8.0064268E+000, 3.0151997E+001, 1.2177745E+001, 4.8026284E-023, 1.2886538E-006
 9.0077833E+000, 3.0969225E+001, 1.2197049E+001, 1.9993755E-020, 1.9503573E-006
 1.0003419E+001, 3.2101734E+001, 1.2219637E+001, 4.1691715E-019, 3.5173632E-006
 1.1010023E+001, 3.3489176E+001, 1.2243711E+001, 6.9158449E-018, 5.8528047E-006
 1.2005125E+001, 3.4530762E+001, 1.2265968E+001, 4.4484308E-011, 9.1976319E-006
 1.3013291E+001, 3.4676571E+001, 1.2298242E+001, 1.4140321E-002, 1.1956430E-005
 1.4002902E+001, 3.4629847E+001, 1.2600380E+001, 9.6556722E-002, 3.3146061E-005
 1.5011511E+001, 3.4873609E+001, 1.3051286E+001, 9.4764018E-002, 5.8039787E-004
 1.6007105E+001, 3.5932274E+001, 1.3339108E+001, 5.5333695E-002, 9.2685438E-002
 1.7006567E+001, 3.7205235E+001, 1.3467742E+001, 5.5801487E-002, 1.0932239E-001
 1.8009363E+001, 3.7615447E+001, 1.3639060E+001, 7.0277149E-002, 1.0341928E-001
 1.9001561E+001, 3.8564991E+001, 1.3883880E+001, 9.3204502E-002, 1.2321275E-001
 2.0007035E+001, 3.9397330E+001, 1.4180217E+001, 9.1683043E-002, 1.0660228E-001
 2.1008878E+001, 3.9304178E+001, 1.4315192E+001, 5.5624894E-002, 1.2049155E-001
 2.2009552E+001, 4.0828124E+001, 1.4298688E+001, 3.0848615E-002, 1.2077404E-001
 2.3008776E+001, 4.2450619E+001, 1.4197529E+001, 1.6370538E-002, 1.2761120E-001
 2.4006592E+001, 4.4127439E+001, 1.4103368E+001, 1.4073822E-002, 1.2827902E-001
 2.5004407E+001, 4.4826834E+001, 1.4013803E+001, 9.7660806E-003, 1.4312991E-001
 2.6008988E+001, 4.6869271E+001, 1.3931831E+001, 8.5848930E-003, 1.5785975E-001
 2.7009770E+001, 4.7172589E+001, 1.3882045E+001, 1.9546289E-002, 1.5520333E-001
 2.8007123E+001, 4.8520527E+001, 1.4043890E+001, 9.1765038E-002, 2.0345913E-001
 2.9003592E+001, 5.1160087E+001, 1.4287634E+001, 5.6175267E-002, 1.9736793E-001
 3.0008276E+001, 5.2673674E+001, 1.4337178E+001, 3.3514712E-002, 2.0808368E-001
 3.1000729E+001, 5.3733694E+001, 1.4322394E+001, 1.9582006E-002, 2.0054328E-001
 3.2009090E+001, 5.5105864E+001, 1.4345703E+001, 7.1494738E-002, 2.2164340E-001
 3.3006553E+001, 5.5131502E+001, 1.4901040E+001, 1.6296740E-001, 2.4436516E-001
 3.4009064E+001, 5.5170494E+001, 1.5385451E+001, 1.0258830E-001, 2.8019494E-001
 3.5002245E+001, 5.4317287E+001, 1.5447858E+001, 5.7977662E-002, 2.8784002E-001
 3.6010087E+001, 5.4459526E+001, 1.5449890E+001, 5.8101541E-002, 2.9245899E-001
 3.7005185E+001, 5.3853579E+001, 1.5507639E+001, 1.0499120E-001, 2.9464946E-001
 3.8003425E+001, 5.2734642E+001, 1.5876494E+001, 1.6617177E-001, 3.0051658E-001
 3.9003710E+001, 5.2888404E+001, 1.6395614E+001, 1.7894708E-001, 3.0970324E-001
 4.0004020E+001, 5.3232941E+001, 1.6662978E+001, 1.3423748E-001, 3.0898329E-001
 4.1009365E+001, 5.3994637E+001, 1.6824185E+001, 1.3916965E-001, 3.2418196E-001
 4.2009854E+001, 5.4462835E+001, 1.7375444E+001, 2.9388992E-001, 3.2780798E-001
 4.3008030E+001, 5.4816527E+001, 1.8480758E+001, 3.4859266E-001, 3.3256689E-001
 4.4006470E+001, 5.5264640E+001, 1.9488689E+001, 3.6686710E-001, 3.4649175E-001
 4.5007055E+001, 5.5480480E+001, 2.0193522E+001, 3.0760714E-001, 3.4973387E-001
 4.6008628E+001, 5.5694522E+001, 2.0495959E+001, 2.9177202E-001, 3.5482576E-001
 4.7001086E+001, 5.7076509E+001, 2.0798481E+001, 2.6468252E-001, 3.6446119E-001
 4.8007583E+001, 5.6800560E+001, 2.0887123E+001, 2.5318041E-001, 3.5707454E-001
 4.9006012E+001, 5.7718486E+001, 2.0763442E+001, 1.5374218E-001, 3.6010286E-001
 5.0012108E+001, 5.7378986E+001, 2.0475542E+001, 1.8077509E-001, 3.7529227E-001
 5.1006446E+001, 5.5794819E+001, 2.0724167E+001, 3.6343192E-001, 3.8528389E-001
 5.2001267E+001, 5.4529237E+001, 2.1647481E+001, 4.4343095E-001, 3.8003139E-001
 5.3007350E+001, 5.4886634E+001, 2.2731592E+001, 4.2066082E-001, 4.1151369E-001
 5.4003777E+001, 5.3639570E+001, 2.3211375E+001, 3.8847397E-001, 4.1158978E-001
 5.5005992E+001, 5.3315568E+001, 2.3539847E+001, 3.8111580E-001, 4.2215953E-001
 5.6009110E+001, 5.2884781E+001, 2.4027603E+001, 4.4812244E-001, 4.4079845E-001
 5.7001146E+001, 5.3964893E+001, 2.4612206E+001, 4.4857749E-001, 4.3630205E-001
 5.8006380E+001, 5.5465141E+001, 2.5091406E+001, 4.7434875E-001, 4.4593202E-001
 5.9004155E+001, 5.7576316E+001, 2.5621438E+001, 4.8505722E-001, 4.4396499E-001
 6.0008106E+001, 5.6897981E+001, 2.6140813E+001, 4.8930215E-001, 4.5384720E-001
 6.1007615E+001, 5.5131971E+001, 2.6583317E+001, 4.7706251E-001, 4.5072884E-001
 6.2002982E+001, 5.5568133E+001, 2.6885231E+001, 4.8258752E-001, 4.6615282E-001
 6.3007279E+001, 5.5034492E+001, 2.7241487E+001, 4.9932280E-001, 4.5875626E-001
 6.4003242E+001, 5.5569683E+001, 2.7557774E+001, 5.0141735E-001, 4.7360275E-001
 6.5001747E+001, 5.5370269E+001, 2.7777869E+001, 4.9657129E-001, 4.9181541E-001
 6.6005316E+001, 5.5854611E+001, 2.7961192E+001, 5.0909503E-001, 4.8124778E-001
 6.7007979E+001, 5.6194648E+001, 2.8143576E+001, 5.1452236E-001, 4.9822832E-001
 6.8006129E+001, 5.5629303E+001, 2.8279620E+001, 5.2164805E-001, 5.0207031E-001
 6.9004455E+001, 5.5252134E+001, 2.8427516E+001, 5.2870866E-001, 5.0649588E-001
 7.0002594E+001, 5.4752155E+001, 2.8543118E+001, 5.0939622E-001, 4.9002072E-001
 7.1007688E+001, 5.4516461E+001, 2.8615821E+001, 5.2400378E-001, 4.9475219E-001
 7.2004971E+001, 5.3724226E+001, 2.8716981E+001, 5.2194196E-001, 5.0363997E-001
 7.3004833E+001, 5.3429084E+001, 2.8760625E+001, 5.2609645E-001, 5.1668002E-001
 7.4000723E+001, 5.3091941E+001, 2.8930624E+001, 5.6278746E-001, 5.3377881E-001
 7.5004962E+001, 5.2799673E+001, 2.9259366E+001, 5.6673605E-001, 5.2792919E-001
 7.6008418E+001, 5.5156647E+001, 2.9343331E+001, 5.6701603E-001, 5.3147351E-001
 7.7007217E+001, 5.5936911E+001, 2.9452493E+001, 5.7150051E-001, 5.4071418E-001
 7.8000015E+001, 5.5428564E+001, 2.9693248E+001, 5.7151215E-001, 5.5754924E-001
 7.9001834E+001, 5.4634750E+001, 2.9850475E+001, 5.7075259E-001, 5.6299900E-001
 8.0008951E+001, 5.7450914E+001, 2.9976532E+001, 5.8125712E-001, 5.6086352E-001
 8.1003325E+001, 5.9187217E+001, 3.0230157E+001, 5.8503033E-001, 5.6464472E-001
 8.2007845E+001, 5.8377951E+001, 3.0448393E+001, 5.8328017E-001, 5.7483653E-001
 8.3000013E+001, 5.6297573E+001, 3.0588088E+001, 5.8833035E-001, 5.8055011E-001
 8.4005223E+001, 5.4809024E+001, 3.0636572E+001, 5.8646138E-001, 5.9071574E-001
 8.5009689E+001, 5.5772664E+001, 3.0634042E+001, 5.9544829E-001, 5.8043895E-001
 8.6003872E+001, 5.7391139E+001, 3.0807378E+001, 6.0783349E-001, 5.8672037E-001
 8.7008464E+001, 5.6551205E+001, 3.0886042E+001, 6.0475257E-001, 6.0390844E-001
 8.8002817E+001, 5.4790806E+001, 3.1028853E+001, 6.1595329E-001, 6.1163905E-001
 8.9003373E+001, 5.5296767E+001, 3.1143620E+001, 6.2419762E-001, 6.1524428E-001
 9.0007415E+001, 5.5722216E+001, 3.1158860E+001, 6.2941487E-001, 6.1318436E-001
 9.1008898E+001, 5.5493288E+001, 3.1214613E+001, 6.2582172E-001, 6.1290969E-001
 9.2008545E+001, 5.4987695E+001, 3.1257864E+001, 6.0646136E-001, 6.0970270E-001
 9.3000759E+001, 5.5678007E+001, 3.1163882E+001, 5.9130385E-001, 6.1239175E-001
 9.4008456E+001, 5.7136445E+001, 3.0951068E+001, 5.8723170E-001, 6.2784404E-001
 9.5003834E+001, 5.7814867E+001, 3.0834546E+001, 6.1306855E-001, 6.3164132E-001
 9.6004786E+001, 5.7178049E+001, 3.0968393E+001, 6.3774551E-001, 6.3378824E-001
 9.7005244E+001, 5.7354225E+001, 3.1253923E+001, 6.3409132E-001, 6.3612898E-001
 9.8000860E+001, 5.7699936E+001, 3.1317983E+001, 5.9822969E-001, 6.3504041E-001
 9.9001012E+001, 5.8932804E+001, 3.1290336E+001, 6.1620774E-001, 6.2563334E-001
 1.0000963E+002, 5.8768186E+001, 3.1472518E+001, 6.6347790E-001, 6.3930819E-001
 1.0100858E+002, 5.9258822E+001, 3.1777229E+001, 6.7343237E-001, 6.3944510E-001
 1.0200309E+002, 5.9854531E+001, 3.2042722E+001, 6.6686803E-001, 6.4250315E-001
 1.0300208E+002, 6.2966830E+001, 3.2175286E+001, 6.6932282E-001, 6.4480590E-001
 1.0400332E+002, 6.3976983E+001, 3.2333704E+001, 6.8331579E-001, 6.5024165E-001
 1.0500796E+002, 6.6631056E+001, 3.2425488E+001, 6.7683266E-001, 6.5715654E-001
 1.0600647E+002, 6.8433376E+001, 3.2370483E+001, 6.7234544E-001, 6.6475791E-001
 1.0700076E+002, 6.7714799E+001, 3.2376660E+001, 6.6888617E-001, 6.6398071E-001
 1.0801186E+002, 6.6885842E+001, 3.2389634E+001, 6.9233459E-001, 6.7315351E-001
 1.0900565E+002, 6.5184045E+001, 3.2618295E+001, 7.0627136E-001, 6.7228876E-001
 1.1000878E+002, 6.4757835E+001, 3.2857459E+001, 7.1915425E-001, 6.7506607E-001
 1.1101022E+002, 6.4018117E+001, 3.3234444E+001, 7.4129638E-001, 6.9871121E-001
 1.1200657E+002, 6.2487759E+001, 3.3580109E+001, 7.4601950E-001, 7.0354755E-001
 1.1300763E+002, 6.1539129E+001, 3.3888622E+001, 7.4992714E-001, 7.1635811E-001
 1.1400709E+002, 6.2024663E+001, 3.4202437E+001, 7.6830485E-001, 7.1612021E-001
 1.1500993E+002, 6.1997544E+001, 3.4385127E+001, 7.6664362E-001, 7.2510274E-001
 1.1600965E+002, 6.2671897E+001, 3.4345840E+001, 7.6670384E-001, 7.2838373E-001
 1.1700774E+002, 6.2315339E+001, 3.4364170E+001, 7.7495853E-001, 7.2606384E-001
 1.1800849E+002, 6.2530597E+001, 3.4439163E+001, 7.6852083E-001, 7.1739990E-001
 1.1900184E+002, 6.1433522E+001, 3.4259135E+001, 7.4444570E-001, 7.1789020E-001
 1.2001002E+002, 5.9294700E+001, 3.4112198E+001, 7.5568019E-001, 7.3526276E-001
 1.2100200E+002, 5.8211451E+001, 3.4098610E+001, 7.7686186E-001, 7.3728593E-001
 1.2200924E+002, 6.0096837E+001, 3.4184019E+001, 7.7724884E-001, 7.4918505E-001
 1.2300712E+002, 6.2047078E+001, 3.4300682E+001, 7.7789278E-001, 7.4883340E-001
 1.2400057E+002, 6.2744830E+001, 3.4247210E+001, 7.7601817E-001, 7.5727892E-001
 1.2500741E+002, 6.3345652E+001, 3.4089150E+001, 7.6762262E-001, 7.6422966E-001
 1.2600732E+002, 6.3427371E+001, 3.3969446E+001, 7.8192356E-001, 7.7050148E-001
 1.2700349E+002, 6.2870473E+001, 3.3884550E+001, 7.8021735E-001, 7.7874252E-001
 1.2800451E+002, 6.2912395E+001, 3.3897976E+001, 7.7983841E-001, 7.7828288E-001
 1.2900509E+002, 6.3914442E+001, 3.4126091E+001, 7.9840524E-001, 7.8577700E-001
 1.3000567E+002, 6.5946003E+001, 3.4433009E+001, 8.0989053E-001, 7.8626765E-001
 1.3100676E+002, 6.7472700E+001, 3.4665201E+001, 8.1753414E-001, 7.6412942E-001
 1.3200258E+002, 6.6934043E+001, 3.4861939E+001, 8.2869480E-001, 7.6931347E-001
 1.3300141E+002, 6.6067264E+001, 3.4988912E+001, 8.2634330E-001, 7.8239817E-001
 1.3400843E+002, 6.5150131E+001, 3.5084617E+001, 8.3726286E-001, 7.8496799E-001
 1.3500029E+002, 6.8113300E+001, 3.5158889E+001, 8.4017759E-001, 7.9301527E-001
 1.3600778E+002, 7.1119993E+001, 3.5288810E+001, 8.4843651E-001, 8.0075368E-001
 1.3700017E+002, 7.1517169E+001, 3.5474424E+001, 8.5597839E-001, 8.0064399E-001
 1.3800458E+002, 7.1293705E+001, 3.5628963E+001, 8.5365355E-001, 8.0100318E-001
 1.3900272E+002, 7.0875768E+001, 3.5629982E+001, 8.5788746E-001, 8.1331896E-001
 1.4000564E+002, 7.1694272E+001, 3.5480558E+001, 8.6105302E-001, 8.1867052E-001
 1.4100284E+002, 7.2423832E+001, 3.5354253E+001, 8.4787832E-001, 8.3495775E-001
 1.4200523E+002, 7.1680469E+001, 3.5444785E+001, 8.7763153E-001, 8.5200263E-001
 1.4300792E+002, 6.9016832E+001, 3.5680492E+001, 8.8349655E-001, 8.6449321E-001
 1.4401045E+002, 6.8858282E+001, 3.5768210E+001, 8.8468731E-001, 8.4406988E-001
 1.4500095E+002, 6.9707854E+001, 3.5792349E+001, 8.9032756E-001, 8.4159432E-001
 1.4600944E+002, 7.0447899E+001, 3.5738755E+001, 8.9532555E-001, 8.5011829E-001
 1.4700264E+002, 7.0693607E+001, 3.5797097E+001, 9.2344664E-001, 8.6934305E-001
 1.4800232E+002, 7.2202763E+001, 3.6059069E+001, 9.2888961E-001, 8.8661156E-001
 1.4900333E+002, 7.3352315E+001, 3.6096805E+001, 9.0707616E-001, 8.8978843E-001
 1.5000286E+002, 7.3602344E+001, 3.5979212E+001, 8.5524856E-001, 9.0117111E-001
 1.5100033E+002, 7.2173074E+001, 3.5840292E+001, 8.6903439E-001, 9.0545328E-001
 1.5200144E+002, 7.0568745E+001, 3.5830096E+001, 9.1782270E-001, 9.0944377E-001
 1.5300373E+002, 7.2385132E+001, 3.6065192E+001, 9.5371053E-001, 9.0834246E-001
 1.5400016E+002, 7.1853102E+001, 3.6555003E+001, 9.6718867E-001, 9.1746036E-001
 1.5500659E+002, 7.0917107E+001, 3.6932970E+001, 9.8639471E-001, 9.2660312E-001
 1.5600759E+002, 7.0071084E+001, 3.7464036E+001, 1.0039450E+000, 9.2501775E-001
 1.5700727E+002, 6.9236807E+001, 3.7965666E+001, 9.9187577E-001, 9.1805824E-001
 1.5800183E+002, 7.0282211E+001, 3.8198078E+001, 9.8447659E-001, 9.1809176E-001
 1.5900233E+002, 7.2763108E+001, 3.7974961E+001, 8.6045141E-001, 9.3724667E-001
 1.6000042E+002, 7.7502563E+001, 3.7427525E+001, 9.1574220E-001, 9.3629310E-001
 1.6100634E+002, 7.9651358E+001, 3.7282326E+001, 9.8284589E-001, 9.4224512E-001
 1.6200099E+002, 8.2041258E+001, 3.7646287E+001, 1.0057833E+000, 9.4701446E-001
 1.6300785E+002, 8.3030907E+001, 3.7996607E+001, 1.0111856E+000, 9.5534397E-001
 1.6400117E+002, 8.1755463E+001, 3.8247033E+001, 1.0173968E+000, 9.6103391E-001
 1.6500118E+002, 7.9510613E+001, 3.8593364E+001, 1.0265904E+000, 9.6828982E-001
 1.6600229E+002, 7.7773593E+001, 3.8811401E+001, 1.0353079E+000, 9.7320864E-001
 1.6700384E+002, 7.8840612E+001, 3.8986478E+001, 1.0576867E+000, 9.9952778E-001
 1.6800054E+002, 8.2418170E+001, 3.9320569E+001, 1.0783905E+000, 1.0113745E+000
 1.6900272E+002, 8.2577959E+001, 3.9763442E+001, 1.0957468E+000, 1.0212895E+000
 1.7000890E+002, 8.2521134E+001, 3.9915187E+001, 1.0430896E+000, 1.0393915E+000
 1.7100262E+002, 8.2681017E+001, 3.9395460E+001, 9.1274067E-001, 1.0614871E+000
 1.7200606E+002, 8.6153411E+001, 3.9069703E+001, 1.0453015E+000, 1.0675123E+000
 1.7300505E+002, 8.7855604E+001, 3.9426586E+001, 1.1068810E+000, 1.0780273E+000
 1.7400025E+002, 8.6396417E+001, 3.9721589E+001, 1.1174053E+000, 1.0918061E+000
 1.7500175E+002, 8.4650504E+001, 3.9632671E+001, 1.0822199E+000, 1.0954685E+000
 1.7600806E+002, 8.4221485E+001, 3.9621507E+001, 1.1340369E+000, 1.0719757E+000
 1.7700174E+002, 8.3927496E+001, 3.9937013E+001, 1.1441995E+000, 1.0737356E+000
 1.7800886E+002, 8.4677139E+001, 3.9932861E+001, 1.1055286E+000, 1.0927658E+000
 1.7900285E+002, 8.4088630E+001, 3.9804620E+001, 1.0987018E+000, 1.0969700E+000
 1.8000507E+002, 8.2723849E+001, 3.9746102E+001, 1.1502656E+000, 1.1219555E+000
 1.8100523E+002, 8.2053262E+001, 3.9922367E+001, 1.1730328E+000, 1.1290180E+000
 1.8200179E+002, 8.1216539E+001, 3.9965085E+001, 1.1713016E+000, 1.1251649E+000
 1.8300030E+002, 8.0572866E+001, 4.0130989E+001, 1.1788878E+000, 1.1417002E+000
 1.8400034E+002, 7.9326841E+001, 4.0448104E+001, 1.1745907E+000, 1.1325319E+000
 1.8500114E+002, 8.0977933E+001, 4.0733653E+001, 1.1465866E+000, 1.1505718E+000
 1.8600048E+002, 8.2086502E+001, 4.0878564E+001, 1.1779082E+000, 1.1613907E+000
 1.8700075E+002, 8.1307848E+001, 4.1053818E+001, 1.1654147E+000, 1.1576022E+000
 1.8800011E+002, 8.0293095E+001, 4.1210147E+001, 1.2051031E+000, 1.1561952E+000
 1.8900563E+002, 7.9248024E+001, 4.1506596E+001, 1.2184079E+000, 1.1601009E+000
 1.9000116E+002, 8.0026467E+001, 4.1865681E+001, 1.2229446E+000, 1.1672794E+000
 1.9100607E+002, 7.9067627E+001, 4.2171053E+001, 1.2002424E+000, 1.1762835E+000
 1.9200424E+002, 7.9183384E+001, 4.2001259E+001, 1.1848592E+000, 1.1709828E+000
 1.9300331E+002, 7.6992254E+001, 4.1986380E+001, 1.2380816E+000, 1.1857724E+000
 1.9400372E+002, 7.9182951E+001, 4.2045286E+001, 1.2491856E+000, 1.1893003E+000
 1.9500223E+002, 8.0748379E+001, 4.2114331E+001, 1.2424351E+000, 1.1986982E+000
 1.9600684E+002, 8.0696052E+001, 4.2218629E+001, 1.2388990E+000, 1.2023384E+000
 1.9700132E+002, 8.3133549E+001, 4.2318009E+001, 1.2505150E+000, 1.2061367E+000
 1.9800233E+002, 8.5073285E+001, 4.2386781E+001, 1.2440765E+000, 1.2120794E+000
 1.9900753E+002, 8.6796435E+001, 4.2512789E+001, 1.2458030E+000, 1.2170133E+000
 2.0000849E+002, 8.6656581E+001, 4.2620004E+001, 1.2602910E+000, 1.2156932E+000
 2.0100424E+002, 8.7505346E+001, 4.2742473E+001, 1.2667906E+000, 1.2209292E+000
 2.0200462E+002, 8.6753936E+001, 4.2680146E+001, 1.2744030E+000, 1.2370684E+000
 2.0300596E+002, 8.4942977E+001, 4.2670169E+001, 1.2825999E+000, 1.2375069E+000
 2.0400122E+002, 8.3892155E+001, 4.3012447E+001, 1.3025205E+000, 1.2415274E+000
 2.0500768E+002, 8.3491500E+001, 4.3501708E+001, 1.3138723E+000, 1.2497925E+000
 2.0600046E+002, 8.3792194E+001, 4.3672573E+001, 1.2988609E+000, 1.2583182E+000
 2.0700313E+002, 8.1815403E+001, 4.3680539E+001, 1.3035499E+000, 1.2618630E+000
 2.0800298E+002, 8.2115996E+001, 4.3636527E+001, 1.3036717E+000, 1.2626993E+000
 2.0901015E+002, 8.1983263E+001, 4.3404909E+001, 1.2915165E+000, 1.2767887E+000
 2.1000763E+002, 8.1964948E+001, 4.3593373E+001, 1.3112132E+000, 1.2848944E+000
 2.1100391E+002, 7.9747146E+001, 4.4041336E+001, 1.3150048E+000, 1.2726276E+000
 2.1200477E+002, 7.7700353E+001, 4.4095454E+001, 1.3070076E+000, 1.2863321E+000
 2.1300581E+002, 7.8476154E+001, 4.4185161E+001, 1.3380203E+000, 1.3070231E+000
 2.1400496E+002, 8.2003033E+001, 4.4645655E+001, 1.3542113E+000, 1.3149427E+000
 2.1500043E+002, 8.4925093E+001, 4.4968023E+001, 1.3630060E+000, 1.3171817E+000
 2.1600555E+002, 8.5327614E+001, 4.5238571E+001, 1.3749118E+000, 1.3084711E+000
 2.1700407E+002, 8.4563545E+001, 4.5397829E+001, 1.3712928E+000, 1.3075814E+000
 2.1800440E+002, 8.6177601E+001, 4.5541784E+001, 1.3598239E+000, 1.3156666E+000
 2.1900305E+002, 8.8359276E+001, 4.5783811E+001, 1.3645221E+000, 1.3101302E+000
 2.2000244E+002, 8.7645755E+001, 4.5894499E+001, 1.3863747E+000, 1.3253751E+000
 2.2100812E+002, 8.8595764E+001, 4.6047272E+001, 1.3995234E+000, 1.3119838E+000
 2.2200439E+002, 9.0448783E+001, 4.6141853E+001, 1.3914448E+000, 1.3252653E+000
 2.2300830E+002, 8.9292317E+001, 4.5948375E+001, 1.4014881E+000, 1.3361377E+000
 2.2400198E+002, 8.8948679E+001, 4.5714728E+001, 1.4168412E+000, 1.3448466E+000
 2.2500025E+002, 8.9899162E+001, 4.5652837E+001, 1.4177881E+000, 1.3523357E+000
 2.2600060E+002, 8.8731571E+001, 4.5570319E+001, 1.4251256E+000, 1.3708985E+000
 2.2700098E+002, 8.9134913E+001, 4.5188876E+001, 1.4180131E+000, 1.3696743E+000
 2.2800584E+002, 8.7062886E+001, 4.5094036E+001, 1.4574873E+000, 1.3719865E+000
 2.2900309E+002, 8.5197777E+001, 4.5217141E+001, 1.4685636E+000, 1.3898379E+000
 2.3000039E+002, 8.4243481E+001, 4.5157408E+001, 1.4592495E+000, 1.4007582E+000
 2.3100711E+002, 8.4149467E+001, 4.4859826E+001, 1.4442410E+000, 1.4034861E+000
 2.3200002E+002, 8.4183911E+001, 4.4703891E+001, 1.4324333E+000, 1.4102763E+000
 2.3300291E+002, 8.7077575E+001, 4.4699736E+001, 1.4382358E+000, 1.4158943E+000
 2.3400152E+002, 8.9417721E+001, 4.4935292E+001, 1.4651210E+000, 1.4216914E+000
 2.3500701E+002, 8.9767408E+001, 4.5091639E+001, 1.4667257E+000, 1.4275543E+000
 2.3600889E+002, 8.7764992E+001, 4.5199587E+001, 1.4676713E+000, 1.4209883E+000
 2.3700436E+002, 8.6895948E+001, 4.5401256E+001, 1.4579745E+000, 1.4385686E+000
 2.3800520E+002, 8.7815403E+001, 4.5336020E+001, 1.4607805E+000, 1.4402874E+000
 2.3900524E+002, 9.0452743E+001, 4.5538076E+001, 1.4847044E+000, 1.4305162E+000
 2.4000600E+002, 9.1006292E+001, 4.5753494E+001, 1.4865576E+000, 1.4443434E+000
 2.4100566E+002, 9.2804409E+001, 4.5754371E+001, 1.4554266E+000, 1.4503529E+000
 2.4200700E+002, 9.2918410E+001, 4.5544880E+001, 1.4642337E+000, 1.4432086E+000
 2.4300313E+002, 9.2166575E+001, 4.5665365E+001, 1.4962522E+000, 1.4617260E+000
 2.4400375E+002, 9.0259137E+001, 4.5713832E+001, 1.4955815E+000, 1.4713070E+000
 2.4500152E+002, 9.0287560E+001, 4.5558939E+001, 1.5062336E+000, 1.4762997E+000
 2.4600619E+002, 9.2604154E+001, 4.5616245E+001, 1.5205668E+000, 1.4908039E+000
 2.4700164E+002, 9.1502610E+001, 4.6006823E+001, 1.5418232E+000, 1.4927018E+000
 2.4800138E+002, 9.1346841E+001, 4.6235830E+001, 1.5386024E+000, 1.5049150E+000
 2.4900575E+002, 9.1587484E+001, 4.6006648E+001, 1.5461580E+000, 1.5036260E+000
 2.5000155E+002, 9.2230373E+001, 4.5826833E+001, 1.5621769E+000, 1.5157667E+000
 2.5100689E+002, 9.1474135E+001, 4.5749722E+001, 1.5638762E+000, 1.5235486E+000
 2.5200749E+002, 9.0638833E+001, 4.5744142E+001, 1.5591979E+000, 1.5155723E+000
 2.5300705E+002, 9.1000946E+001, 4.5720213E+001, 1.5549263E+000, 1.5139157E+000
 2.5400454E+002, 9.1353736E+001, 4.5601863E+001, 1.5575025E+000, 1.5337501E+000
 2.5500828E+002, 9.3156554E+001, 4.5555319E+001, 1.5671987E+000, 1.5292484E+000
 2.5600644E+002, 9.4258955E+001, 4.5614669E+001, 1.5692668E+000, 1.5240460E+000
 2.5700708E+002, 9.5849846E+001, 4.5860927E+001, 1.5828578E+000, 1.5399478E+000
 2.5800487E+002, 9.7815432E+001, 4.6160558E+001, 1.5845312E+000, 1.5415245E+000
 2.5900590E+002, 9.6025482E+001, 4.6260614E+001, 1.5800615E+000, 1.5381890E+000
 2.6000229E+002, 9.6056671E+001, 4.6132466E+001, 1.5904558E+000, 1.5368255E+000
 2.6100099E+002, 9.5122216E+001, 4.6626806E+001, 1.6037919E+000, 1.5454651E+000
 2.6200658E+002, 9.4262151E+001, 4.6813341E+001, 1.5798360E+000, 1.5532465E+000
 2.6300536E+002, 9.5583741E+001, 4.6912045E+001, 1.6268250E+000, 1.5795588E+000
 2.6400487E+002, 9.5598882E+001, 4.7230991E+001, 1.6392156E+000, 1.5993757E+000
 2.6500752E+002, 9.5443977E+001, 4.7065666E+001, 1.6133409E+000, 1.6203882E+000
 2.6600269E+002, 9.6244444E+001, 4.6946263E+001, 1.6448592E+000, 1.6155033E+000
 2.6700788E+002, 9.7350327E+001, 4.7337658E+001, 1.6460496E+000, 1.6140438E+000
 2.6800601E+002, 9.5684369E+001, 4.7651447E+001, 1.6452650E+000, 1.6239516E+000
 2.6900172E+002, 9.4443077E+001, 4.7519313E+001, 1.6376685E+000, 1.6295810E+000
 2.7000518E+002, 9.1646979E+001, 4.7413785E+001, 1.6398395E+000, 1.6223645E+000
 2.7100451E+002, 8.9692629E+001, 4.7292436E+001, 1.6427841E+000, 1.6195806E+000
 2.7200239E+002, 8.8867279E+001, 4.7179930E+001, 1.6381062E+000, 1.6220024E+000
 2.7300349E+002, 9.0051040E+001, 4.7164854E+001, 1.6688232E+000, 1.6387025E+000
 2.7400861E+002, 9.1629387E+001, 4.7354747E+001, 1.6820069E+000, 1.6401934E+000
 2.7500552E+002, 9.2244497E+001, 4.7370542E+001, 1.6572508E+000, 1.6431053E+000
 2.7600140E+002, 9.3299870E+001, 4.7444753E+001, 1.6940496E+000, 1.6579917E+000
 2.7700599E+002, 9.4530769E+001, 4.7595173E+001, 1.7025939E+000, 1.6652344E+000
 2.7800268E+002, 9.6197238E+001, 4.7853730E+001, 1.7140874E+000, 1.6745304E+000
 2.7900090E+002, 9.7027156E+001, 4.8046964E+001, 1.7140314E+000, 1.6776013E+000
 2.8000463E+002, 9.7500558E+001, 4.8175200E+001, 1.7003535E+000, 1.6830549E+000
 2.8100621E+002, 9.9021137E+001, 4.8198862E+001, 1.7204541E+000, 1.6766381E+000
 2.8200889E+002, 9.8945967E+001, 4.7922795E+001, 1.6897345E+000, 1.6761428E+000
 2.8300812E+002, 9.6470692E+001, 4.8020674E+001, 1.7469231E+000, 1.6817352E+000
 2.8400334E+002, 9.5678316E+001, 4.8379260E+001, 1.7591238E+000, 1.6775841E+000
 2.8500146E+002, 9.3876740E+001, 4.8440816E+001, 1.7325910E+000, 1.6982353E+000
 2.8600490E+002, 9.1369673E+001, 4.8021197E+001, 1.7105519E+000, 1.7120222E+000
 2.8700283E+002, 8.9986659E+001, 4.7572203E+001, 1.7020880E+000, 1.7122825E+000
 2.8800211E+002, 8.7580569E+001, 4.7273678E+001, 1.7211700E+000, 1.7256501E+000
 2.8900663E+002, 8.6167943E+001, 4.7430990E+001, 1.7669234E+000, 1.7308096E+000
 2.9000151E+002, 8.6027481E+001, 4.7746453E+001, 1.7709843E+000, 1.7347109E+000
 2.9100044E+002, 8.4870183E+001, 4.7951718E+001, 1.7692129E+000, 1.7257830E+000
 2.9200391E+002, 8.4849292E+001, 4.7901293E+001, 1.7772000E+000, 1.7395631E+000
 2.9300029E+002, 8.5439927E+001, 4.7914879E+001, 1.7756843E+000, 1.7347858E+000
 2.9400895E+002, 8.6418906E+001, 4.7880118E+001, 1.7778981E+000, 1.7303570E+000
 2.9500599E+002, 8.5993525E+001, 4.7565539E+001, 1.7877357E+000, 1.7350595E+000
 2.9600554E+002, 8.4561578E+001, 4.7560744E+001, 1.7864229E+000, 1.7269472E+000
 2.9700173E+002, 8.4345561E+001, 4.7880525E+001, 1.7850205E+000, 1.7223248E+000
 2.9800836E+002, 8.4768995E+001, 4.7729897E+001, 1.7824476E+000, 1.7307246E+000
 2.9900089E+002, 8.4149180E+001, 4.7753170E+001, 1.7993768E+000, 1.7573015E+000
 3.0000504E+002, 8.4355198E+001, 4.7790699E+001, 1.7920362E+000, 1.7566347E+000
 3.0100669E+002, 8.6929085E+001, 4.7824952E+001, 1.7936041E+000, 1.7591005E+000
 3.0200005E+002, 8.6168494E+001, 4.7909326E+001, 1.7983379E+000, 1.7616141E+000
 3.0300765E+002, 8.6838623E+001, 4.7832038E+001, 1.8020144E+000, 1.7685500E+000
 3.0400316E+002, 8.6599621E+001, 4.7824868E+001, 1.7900251E+000, 1.7731226E+000
 3.0500497E+002, 8.6174474E+001, 4.7503713E+001, 1.7839366E+000, 1.7728820E+000
 3.0600603E+002, 8.6072596E+001, 4.7522110E+001, 1.7958844E+000, 1.7746419E+000
 3.0700498E+002, 8.6558025E+001, 4.7464231E+001, 1.7814205E+000, 1.7750394E+000
 3.0800314E+002, 8.6487349E+001, 4.7337269E+001, 1.8033453E+000, 1.7808801E+000
 3.0900062E+002, 8.4803978E+001, 4.7449899E+001, 1.8196741E+000, 1.7914128E+000
 3.1000340E+002, 8.3556770E+001, 4.7508278E+001, 1.8187206E+000, 1.7923493E+000
 3.1100102E+002, 8.4857630E+001, 4.7468078E+001, 1.8195733E+000, 1.7843200E+000
 3.1200556E+002, 8.4492987E+001, 4.7242070E+001, 1.8230586E+000, 1.7839960E+000
 3.1300069E+002, 8.5685346E+001, 4.6880224E+001, 1.8314881E+000, 1.7868145E+000
 3.1400153E+002, 8.5930492E+001, 4.6459706E+001, 1.8215493E+000, 1.7777997E+000
 3.1500970E+002, 8.3697805E+001, 4.6262028E+001, 1.8169622E+000, 1.7857323E+000
 3.1600861E+002, 8.1782967E+001, 4.5949046E+001, 1.8029576E+000, 1.8015915E+000
 3.1700523E+002, 8.0029938E+001, 4.5485227E+001, 1.7982614E+000, 1.8012872E+000
 3.1800387E+002, 7.9424604E+001, 4.5357519E+001, 1.8057428E+000, 1.8046661E+000
 3.1900715E+002, 7.8202398E+001, 4.5470968E+001, 1.8080950E+000, 1.8038177E+000
 3.2000219E+002, 7.6589434E+001, 4.5651871E+001, 1.8123656E+000, 1.7901064E+000
 3.2100497E+002, 7.7469714E+001, 4.5740618E+001, 1.8129501E+000, 1.7838539E+000
 3.2200553E+002, 7.8679329E+001, 4.5685453E+001, 1.8152348E+000, 1.7915649E+000
 3.2300843E+002, 7.7403774E+001, 4.5383012E+001, 1.8040930E+000, 1.7940026E+000
 3.2400856E+002, 7.9983092E+001, 4.5026163E+001, 1.7929230E+000, 1.7907900E+000
 3.2500933E+002, 8.1927849E+001, 4.4978911E+001, 1.7931762E+000, 1.7902085E+000
 3.2600139E+002, 8.3189726E+001, 4.4954796E+001, 1.7867270E+000, 1.7882284E+000
 3.2700860E+002, 8.2068956E+001, 4.4828937E+001, 1.7983160E+000, 1.7901656E+000
 3.2800580E+002, 7.8617334E+001, 4.4705136E+001, 1.7923466E+000, 1.8038925E+000
 3.2901315E+002, 7.6163350E+001, 4.4727918E+001, 1.7973530E+000, 1.8031529E+000
 3.3000878E+002, 7.2872936E+001, 4.4726309E+001, 1.8003022E+000, 1.8022753E+000
 3.3101060E+002, 7.0402727E+001, 4.4731436E+001, 1.8193134E+000, 1.8084474E+000
 3.3201100E+002, 6.9940161E+001, 4.4725629E+001, 1.8265607E+000, 1.8083451E+000
 3.3301432E+002, 6.7953414E+001, 4.4602066E+001, 1.8196176E+000, 1.8117911E+000
 3.3400956E+002, 6.5719012E+001, 4.4336203E+001, 1.7935126E+000, 1.8058791E+000
 3.3500455E+002, 6.4012467E+001, 4.3997643E+001, 1.7996323E+000, 1.8097362E+000
 3.3600082E+002, 6.2085572E+001, 4.3646231E+001, 1.8245548E+000, 1.8167511E+000
 3.3702543E+002, 5.9998197E+001, 4.3270806E+001, 1.8360082E+000, 1.8061770E+000
 3.3800149E+002, 5.7711415E+001, 4.2904263E+001, 1.8360692E+000, 1.7992307E+000
 3.3904149E+002, 5.5359404E+001, 4.2514394E+001, 1.8350013E+000, 1.8052101E+000
 3.4000000E+002, 5.3302519E+001, 4.2198896E+001, 1.8263710E+000, 1.8100475E+000
